{"stats":{"minecraft:broken":{"toughasnails:wool_boots":1,"toughasnails:wool_helmet":1,"toughasnails:water_canteen":2},"minecraft:picked_up":{"minecraft:crafting_table":1,"minecraft:splash_potion":1,"minecraft:chicken":1,"minecraft:potion":1,"minecraft:string":4,"minecraft:experience_bottle":57,"minecraft:bucket":1,"minecraft:light_gray_wool":1,"iceandfire:ice_dragon_heart":1,"minecraft:furnace":1,"minecraft:stick":1,"minecraft:porkchop":4,"tombstone:grave_dust":4,"minecraft:rotten_flesh":2,"minecraft:arrow":3,"mowziesmobs:ice_crystal":1,"tombstone:essence_of_undeath":1,"minecraft:white_wool":37,"minecraft:cobblestone":4,"vampirism:vampire_book":1,"minecraft:feather":4,"minecraft:brown_wool":1,"iceandfire:ectoplasm":5,"minecraft:golden_boots":1,"minecraft:dirt":2,"minecraft:bone":4,"minecraft:kelp":4,"minecraft:wheat_seeds":6,"minecraft:milk_bucket":2,"minecraft:lava_bucket":1,"minecraft:sand":2,"magistuarmory:rustednorman_helmet":1,"tombstone:decorative_grave_simple":3,"minecraft:spruce_log":9,"minecraft:dead_bush":1,"tombstone:scroll_of_mercy":1,"minecraft:sugar":2,"tombstone:scroll_of_knowledge":1,"tombstone:tablet_of_recall":1,"magistuarmory:rustedcrusader_boots":1,"minecraft:spruce_button":1,"minecraft:dark_oak_fence":3,"vampirism:coffin_white":4},"minecraft:killed":{"vampirism:vampire":1,"minecraft:witch":1,"minecraft:spider":8,"mowziesmobs:frostmaw":1,"minecraft:skeleton":6,"minecraft:chicken":2,"vampirism:advanced_hunter":1,"minecraft:husk":1,"minecraft:pig":2,"minecraft:creeper":1,"vampirism:hunter":3,"minecraft:pillager":5,"minecraft:zombie":8,"iceandfire:ghost":10,"minecraft:cow":1},"minecraft:mined":{"minecraft:dark_oak_fence":2,"minecraft:grass_block":2,"minecraft:spruce_leaves":5,"minecraft:large_fern":5,"minecraft:vine":2,"minecraft:stone":5,"minecraft:white_wool":28,"minecraft:crafting_table":1,"vampirism:coffin_white":5,"minecraft:tall_grass":9,"minecraft:seagrass":1,"minecraft:spruce_log":9,"minecraft:grass":20,"minecraft:sand":1,"minecraft:dirt":2},"minecraft:custom":{"minecraft:mob_kills":52,"minecraft:interact_with_crafting_table":6,"minecraft:open_barrel":2,"vampirism:action_time_bat":9026,"minecraft:bell_ring":78,"minecraft:leave_game":8,"minecraft:time_since_death":3227,"minecraft:climb_one_cm":389,"minecraft:damage_resisted":602,"minecraft:sprint_one_cm":401474,"vampirism:amount_bitten":32,"minecraft:walk_one_cm":446796,"vampirism:interact_with_coffin":7,"minecraft:drop":112,"vampirism:action_time_regen":1995,"vampirism:skills_unlocked":15,"minecraft:talked_to_villager":1,"minecraft:play_time":263968,"minecraft:deaths":2,"minecraft:sneak_time":2210,"minecraft:walk_under_water_one_cm":7912,"minecraft:jump":3579,"minecraft:walk_on_water_one_cm":6596,"minecraft:total_world_time":263968,"vampirism:blood_drunk":17200,"tombstone:raider_killed":6,"vampirism:action_used_bat":10,"minecraft:sleep_in_bed":2,"vampirism:actions_used":15,"minecraft:time_since_rest":2798,"vampirism:action_used_regen":5,"vampirism:resurrected":2,"minecraft:damage_taken":3303,"minecraft:damage_absorbed":1100,"minecraft:trigger_trapped_chest":2,"minecraft:damage_dealt":14698,"tombstone:cast_on_ally":1,"minecraft:swim_one_cm":26608,"minecraft:fly_one_cm":1126605,"minecraft:open_chest":14,"minecraft:crouch_one_cm":4354,"tombstone:undead_killed":25,"minecraft:fall_one_cm":16438},"minecraft:crafted":{"toughasnails:wool_chestplate":1,"toughasnails:wool_helmet":1,"toughasnails:wool_leggings":1,"toughasnails:wool_boots":1,"magistuarmory:leather_strip":6},"minecraft:used":{"toughasnails:wool_boots":1,"minecraft:red_sand":36,"toughasnails:wool_chestplate":1,"minecraft:acacia_log":17,"toughasnails:leaf_helmet":1,"minecraft:oak_sign":2,"minecraft:chest":6,"toughasnails:leaf_boots":1,"toughasnails:wool_leggings":1,"minecraft:dirt":1,"vampirism:coffin_white":5,"minecraft:blue_stained_glass":8,"toughasnails:empty_canteen":2,"minecraft:diamond_helmet":1,"minecraft:milk_bucket":3,"iceandfire:dragonsteel_lightning_axe":7,"minecraft:shroomlight":8,"tombstone:decorative_grave_simple":8,"minecraft:lava_bucket":15,"minecraft:light_gray_stained_glass":434,"minecraft:lantern":10,"minecraft:iron_axe":16,"minecraft:slime_block":11,"magistuarmory:diamond_chainmorgenstern":173,"minecraft:diamond_chestplate":1,"minecraft:furnace":1,"minecraft:acacia_fence":3,"minecraft:acacia_wood":1,"tombstone:gift":4,"minecraft:enchanted_golden_apple":10,"minecraft:water_bucket":4,"toughasnails:leaf_leggings":1,"minecraft:cow_spawn_egg":10,"minecraft:diamond_boots":1,"minecraft:stripped_birch_log":1,"minecraft:red_stained_glass":209,"minecraft:sandstone":1,"toughasnails:water_canteen":15,"minecraft:white_wool":6,"minecraft:sand":241,"minecraft:crafting_table":3,"toughasnails:wool_helmet":1,"minecraft:shears":28,"minecraft:diamond_pickaxe":5,"toughasnails:leaf_chestplate":1,"minecraft:cobblestone":2,"toughasnails:purified_water_canteen":5,"minecraft:bucket":11,"minecraft:diamond_leggings":1,"minecraft:splash_potion":54,"minecraft:experience_bottle":81},"minecraft:dropped":{"minecraft:golden_boots":1,"minecraft:wheat_seeds":6,"vampirism:stake":1,"minecraft:spruce_button":2,"magistuarmory:rustednorman_helmet":1,"minecraft:acacia_log":26,"magistuarmory:rustedcrusader_boots":1,"minecraft:lava_bucket":2,"minecraft:dirt":1,"minecraft:milk_bucket":3,"minecraft:dark_oak_fence":3,"mowziesmobs:umvuthana_mask_bliss":1,"tombstone:grave_dust":4,"minecraft:dead_bush":2,"tombstone:scroll_of_frost_resistance":1,"minecraft:sand":3,"minecraft:string":2,"minecraft:bucket":1,"minecraft:bone":4,"minecraft:furnace":2,"minecraft:kelp":2,"minecraft:stone_shovel":1,"tombstone:tablet_of_recall":1,"minecraft:rotten_flesh":2,"minecraft:enchanted_golden_apple":22,"vampirism:blood_bottle":6,"minecraft:slime_block":1,"vampirism:coffin_white":1,"magistuarmory:leather_strip":4,"minecraft:shears":3,"mowziesmobs:umvuthana_mask_misery":1,"tombstone:scroll_of_knowledge":1,"minecraft:arrow":3,"minecraft:red_sand":1,"minecraft:acacia_fence":1,"minecraft:splash_potion":1}},"DataVersion":3465}