{"stats":{"minecraft:picked_up":{"tombstone:grave_dust":1},"minecraft:dropped":{"minecraft:slime_block":1,"minecraft:sand":1,"minecraft:milk_bucket":1,"tombstone:grave_dust":1},"minecraft:used":{"minecraft:shroomlight":8,"minecraft:cow_spawn_egg":2,"minecraft:sand":7,"minecraft:light_gray_stained_glass":434,"minecraft:blue_stained_glass":8,"minecraft:lantern":10,"minecraft:red_stained_glass":209,"minecraft:slime_block":11,"minecraft:oak_sign":2,"minecraft:chest":4,"minecraft:splash_potion":1,"minecraft:milk_bucket":1},"minecraft:custom":{"minecraft:time_since_rest":62385,"minecraft:open_chest":4,"minecraft:crouch_one_cm":1442,"minecraft:sprint_one_cm":36355,"minecraft:play_time":62385,"minecraft:damage_taken":20,"minecraft:walk_one_cm":36313,"minecraft:sneak_time":634,"minecraft:drop":4,"minecraft:jump":426,"minecraft:damage_dealt":55,"minecraft:leave_game":1,"minecraft:walk_on_water_one_cm":5,"minecraft:time_since_death":62385,"minecraft:total_world_time":62385,"minecraft:fly_one_cm":137172}},"DataVersion":3465}