{"stats":{"minecraft:picked_up":{"minecraft:feather":4,"minecraft:splash_potion":1,"minecraft:golden_boots":1,"minecraft:string":2,"minecraft:experience_bottle":57,"minecraft:bone":2,"minecraft:kelp":4,"minecraft:wheat_seeds":1,"minecraft:furnace":1,"minecraft:milk_bucket":2,"minecraft:sand":1,"magistuarmory:rustednorman_helmet":1,"tombstone:decorative_grave_simple":3,"tombstone:grave_dust":4,"minecraft:dead_bush":1,"tombstone:scroll_of_mercy":1,"minecraft:arrow":1,"minecraft:rotten_flesh":2,"tombstone:scroll_of_knowledge":1,"tombstone:tablet_of_recall":1,"minecraft:spruce_button":1,"vampirism:coffin_white":1},"minecraft:dropped":{"minecraft:golden_boots":1,"minecraft:furnace":2,"minecraft:kelp":2,"minecraft:wheat_seeds":1,"vampirism:stake":1,"tombstone:tablet_of_recall":1,"minecraft:rotten_flesh":2,"vampirism:blood_bottle":6,"minecraft:slime_block":1,"minecraft:spruce_button":2,"vampirism:coffin_white":1,"magistuarmory:leather_strip":4,"magistuarmory:rustednorman_helmet":1,"minecraft:acacia_log":26,"minecraft:shears":3,"minecraft:milk_bucket":3,"mowziesmobs:umvuthana_mask_misery":1,"mowziesmobs:umvuthana_mask_bliss":1,"tombstone:scroll_of_knowledge":1,"tombstone:grave_dust":4,"minecraft:dead_bush":2,"tombstone:scroll_of_frost_resistance":1,"minecraft:sand":3,"minecraft:arrow":1,"minecraft:red_sand":1,"minecraft:string":2,"minecraft:acacia_fence":1,"minecraft:splash_potion":1,"minecraft:bone":2},"minecraft:custom":{"minecraft:mob_kills":12,"minecraft:interact_with_crafting_table":1,"minecraft:open_barrel":2,"vampirism:action_time_bat":3093,"minecraft:bell_ring":78,"vampirism:action_used_bat":2,"minecraft:leave_game":4,"minecraft:time_since_death":194718,"minecraft:damage_resisted":12,"vampirism:actions_used":3,"minecraft:time_since_rest":194718,"vampirism:action_used_regen":1,"vampirism:amount_bitten":6,"minecraft:sprint_one_cm":252653,"minecraft:damage_taken":287,"minecraft:walk_one_cm":218319,"vampirism:interact_with_coffin":3,"minecraft:drop":75,"vampirism:action_time_regen":399,"minecraft:damage_dealt":2864,"vampirism:skills_unlocked":5,"tombstone:cast_on_ally":1,"minecraft:swim_one_cm":6947,"minecraft:talked_to_villager":1,"minecraft:fly_one_cm":874223,"minecraft:open_chest":12,"minecraft:crouch_one_cm":3129,"minecraft:play_time":194718,"tombstone:undead_killed":9,"minecraft:sneak_time":1280,"minecraft:walk_under_water_one_cm":4562,"minecraft:jump":2613,"minecraft:walk_on_water_one_cm":3128,"minecraft:total_world_time":194718,"vampirism:blood_drunk":1800,"minecraft:fall_one_cm":420},"minecraft:mined":{"vampirism:coffin_white":1},"minecraft:crafted":{"magistuarmory:leather_strip":6},"minecraft:used":{"minecraft:red_sand":36,"toughasnails:leaf_leggings":1,"minecraft:cow_spawn_egg":10,"minecraft:diamond_boots":1,"minecraft:acacia_log":17,"toughasnails:leaf_helmet":1,"minecraft:stripped_birch_log":1,"minecraft:red_stained_glass":209,"minecraft:oak_sign":2,"minecraft:chest":6,"minecraft:sandstone":1,"toughasnails:leaf_boots":1,"minecraft:sand":240,"vampirism:coffin_white":1,"minecraft:blue_stained_glass":8,"minecraft:diamond_helmet":1,"minecraft:milk_bucket":3,"iceandfire:dragonsteel_lightning_axe":7,"minecraft:shroomlight":8,"tombstone:decorative_grave_simple":8,"minecraft:lava_bucket":7,"minecraft:light_gray_stained_glass":434,"minecraft:lantern":10,"minecraft:slime_block":11,"toughasnails:leaf_chestplate":1,"magistuarmory:diamond_chainmorgenstern":9,"minecraft:diamond_chestplate":1,"minecraft:furnace":1,"toughasnails:purified_water_canteen":5,"minecraft:acacia_fence":3,"tombstone:gift":2,"minecraft:acacia_wood":1,"minecraft:splash_potion":54,"minecraft:diamond_leggings":1,"minecraft:experience_bottle":24},"minecraft:killed":{"vampirism:vampire":1,"minecraft:husk":1,"minecraft:spider":1,"minecraft:creeper":1,"minecraft:skeleton":3,"minecraft:zombie":5}},"DataVersion":3465}