{"stats":{"minecraft:dropped":{"minecraft:slime_block":1},"minecraft:used":{"minecraft:slime_block":11,"minecraft:chest":4,"minecraft:oak_sign":2,"minecraft:light_gray_stained_glass":434,"minecraft:blue_stained_glass":8,"minecraft:lantern":10,"minecraft:shroomlight":8,"minecraft:red_stained_glass":209},"minecraft:custom":{"minecraft:jump":31,"minecraft:open_chest":4,"minecraft:time_since_rest":50385,"minecraft:crouch_one_cm":991,"minecraft:leave_game":1,"minecraft:play_time":50385,"minecraft:sprint_one_cm":529,"minecraft:time_since_death":50385,"minecraft:walk_on_water_one_cm":5,"minecraft:walk_one_cm":14075,"minecraft:sneak_time":538,"minecraft:total_world_time":50385,"minecraft:drop":1,"minecraft:fly_one_cm":31238}},"DataVersion":3465}