{"stats":{"minecraft:used":{"minecraft:water_bucket":1,"toughasnails:leaf_leggings":1,"minecraft:cow_spawn_egg":10,"minecraft:red_sand":36,"minecraft:diamond_boots":1,"minecraft:acacia_log":17,"toughasnails:leaf_helmet":1,"minecraft:stripped_birch_log":1,"minecraft:red_stained_glass":209,"minecraft:oak_sign":2,"minecraft:chest":6,"minecraft:sandstone":1,"toughasnails:leaf_boots":1,"toughasnails:water_canteen":3,"minecraft:white_wool":6,"minecraft:sand":240,"vampirism:coffin_white":4,"minecraft:crafting_table":1,"minecraft:blue_stained_glass":8,"minecraft:diamond_helmet":1,"minecraft:shears":28,"minecraft:milk_bucket":3,"iceandfire:dragonsteel_lightning_axe":7,"minecraft:shroomlight":8,"tombstone:decorative_grave_simple":8,"minecraft:lava_bucket":7,"minecraft:light_gray_stained_glass":434,"minecraft:iron_axe":11,"minecraft:lantern":10,"minecraft:slime_block":11,"toughasnails:leaf_chestplate":1,"magistuarmory:diamond_chainmorgenstern":113,"minecraft:diamond_chestplate":1,"minecraft:furnace":1,"minecraft:bucket":1,"toughasnails:purified_water_canteen":5,"minecraft:acacia_fence":3,"tombstone:gift":4,"minecraft:acacia_wood":1,"minecraft:diamond_leggings":1,"minecraft:splash_potion":54,"minecraft:experience_bottle":81},"minecraft:killed":{"vampirism:vampire":1,"minecraft:husk":1,"minecraft:pig":2,"minecraft:spider":7,"minecraft:creeper":1,"vampirism:hunter":1,"minecraft:skeleton":5,"minecraft:pillager":5,"iceandfire:ghost":10,"minecraft:zombie":8,"minecraft:chicken":2},"minecraft:dropped":{"minecraft:golden_boots":1,"minecraft:furnace":2,"minecraft:kelp":2,"minecraft:wheat_seeds":4,"vampirism:stake":1,"tombstone:tablet_of_recall":1,"minecraft:rotten_flesh":2,"vampirism:blood_bottle":6,"minecraft:slime_block":1,"minecraft:spruce_button":2,"vampirism:coffin_white":1,"magistuarmory:leather_strip":4,"magistuarmory:rustednorman_helmet":1,"minecraft:acacia_log":26,"minecraft:shears":3,"minecraft:milk_bucket":3,"minecraft:dark_oak_fence":3,"mowziesmobs:umvuthana_mask_misery":1,"mowziesmobs:umvuthana_mask_bliss":1,"tombstone:scroll_of_knowledge":1,"tombstone:grave_dust":4,"minecraft:dead_bush":2,"tombstone:scroll_of_frost_resistance":1,"minecraft:sand":3,"minecraft:arrow":1,"minecraft:red_sand":1,"minecraft:string":2,"minecraft:acacia_fence":1,"minecraft:splash_potion":1,"minecraft:bone":2},"minecraft:mined":{"minecraft:crafting_table":1,"minecraft:dark_oak_fence":2,"vampirism:coffin_white":4,"minecraft:tall_grass":9,"minecraft:spruce_leaves":3,"minecraft:seagrass":1,"minecraft:spruce_log":5,"minecraft:grass":20,"minecraft:vine":2,"minecraft:sand":1,"minecraft:white_wool":28},"minecraft:custom":{"minecraft:mob_kills":43,"tombstone:raider_killed":5,"minecraft:interact_with_crafting_table":5,"minecraft:open_barrel":2,"vampirism:action_time_bat":4357,"minecraft:bell_ring":78,"vampirism:action_used_bat":6,"minecraft:leave_game":5,"minecraft:time_since_death":10007,"minecraft:sleep_in_bed":2,"minecraft:climb_one_cm":389,"minecraft:damage_resisted":94,"vampirism:actions_used":9,"minecraft:time_since_rest":9084,"vampirism:action_used_regen":3,"minecraft:sprint_one_cm":317483,"vampirism:amount_bitten":13,"minecraft:damage_taken":1476,"minecraft:walk_one_cm":309805,"minecraft:trigger_trapped_chest":2,"vampirism:interact_with_coffin":5,"minecraft:drop":81,"vampirism:action_time_regen":1197,"vampirism:skills_unlocked":10,"minecraft:damage_dealt":9636,"tombstone:cast_on_ally":1,"minecraft:swim_one_cm":26608,"minecraft:talked_to_villager":1,"minecraft:fly_one_cm":974751,"minecraft:open_chest":13,"minecraft:crouch_one_cm":3617,"minecraft:play_time":217333,"tombstone:undead_killed":24,"minecraft:deaths":1,"minecraft:sneak_time":1658,"minecraft:walk_under_water_one_cm":7808,"minecraft:jump":3004,"minecraft:walk_on_water_one_cm":6234,"minecraft:total_world_time":217333,"vampirism:blood_drunk":8700,"minecraft:fall_one_cm":6787},"minecraft:crafted":{"toughasnails:wool_helmet":1,"toughasnails:wool_leggings":1,"toughasnails:wool_boots":1,"toughasnails:wool_chestplate":1,"magistuarmory:leather_strip":6},"minecraft:picked_up":{"minecraft:crafting_table":1,"minecraft:brown_wool":1,"minecraft:feather":4,"minecraft:chicken":1,"minecraft:splash_potion":1,"iceandfire:ectoplasm":5,"minecraft:golden_boots":1,"minecraft:string":4,"minecraft:experience_bottle":57,"minecraft:bone":2,"minecraft:kelp":4,"minecraft:wheat_seeds":6,"minecraft:light_gray_wool":1,"minecraft:furnace":1,"minecraft:milk_bucket":2,"minecraft:porkchop":4,"minecraft:sand":2,"magistuarmory:rustednorman_helmet":1,"tombstone:decorative_grave_simple":3,"tombstone:grave_dust":4,"minecraft:spruce_log":5,"minecraft:dead_bush":1,"tombstone:scroll_of_mercy":1,"minecraft:arrow":1,"minecraft:rotten_flesh":2,"tombstone:scroll_of_knowledge":1,"tombstone:tablet_of_recall":1,"minecraft:spruce_button":1,"tombstone:essence_of_undeath":1,"minecraft:white_wool":37,"minecraft:dark_oak_fence":3,"vampirism:coffin_white":4}},"DataVersion":3465}