{"stats":{"minecraft:used":{"minecraft:slime_block":11,"minecraft:oak_sign":2,"minecraft:chest":4,"minecraft:light_gray_stained_glass":434,"minecraft:blue_stained_glass":8,"minecraft:lantern":10,"minecraft:shroomlight":8,"minecraft:red_stained_glass":209},"minecraft:dropped":{"minecraft:slime_block":1},"minecraft:custom":{"minecraft:jump":30,"minecraft:open_chest":4,"minecraft:time_since_rest":45121,"minecraft:leave_game":1,"minecraft:crouch_one_cm":991,"minecraft:play_time":45121,"minecraft:sprint_one_cm":529,"minecraft:time_since_death":45121,"minecraft:walk_on_water_one_cm":5,"minecraft:walk_one_cm":13972,"minecraft:sneak_time":538,"minecraft:total_world_time":45121,"minecraft:drop":1,"minecraft:fly_one_cm":31238}},"DataVersion":3465}