{"stats":{"minecraft:picked_up":{"vampirism:item_tent":3,"minecraft:acacia_log":33,"vampirism:stake":2,"minecraft:sand":4,"minecraft:dirt":2,"vampirism:blood_bottle":6,"minecraft:apple":1,"minecraft:rotten_flesh":2,"minecraft:kelp":10,"minecraft:shears":2,"minecraft:bread":1,"minecraft:coal":1,"vampirism:coffin_white":1},"minecraft:dropped":{"vampirism:stake":1},"minecraft:custom":{"minecraft:time_since_rest":33114,"vampirism:amount_bitten":3,"minecraft:sprint_one_cm":84311,"minecraft:damage_taken":2605,"minecraft:walk_one_cm":56259,"tombstone:sneak_grave":1,"minecraft:drop":1,"tombstone:consume_soul":1,"vampirism:skills_unlocked":1,"minecraft:damage_dealt":386,"minecraft:swim_one_cm":40881,"minecraft:fly_one_cm":210889,"minecraft:crouch_one_cm":1946,"minecraft:play_time":87497,"minecraft:deaths":5,"minecraft:walk_under_water_one_cm":12140,"minecraft:sneak_time":1534,"minecraft:damage_dealt_resisted":4,"minecraft:jump":697,"minecraft:leave_game":5,"minecraft:walk_on_water_one_cm":7125,"minecraft:time_since_death":33668,"minecraft:total_world_time":87497,"vampirism:blood_drunk":1000,"minecraft:fall_one_cm":14765},"minecraft:mined":{"minecraft:kelp_plant":2,"vampirism:tent_main":1,"vampirism:tent":2,"minecraft:grass":2,"minecraft:acacia_log":7,"minecraft:sand":4,"minecraft:dirt":2},"minecraft:crafted":{"minecraft:crafting_table":1,"minecraft:stick":4,"minecraft:acacia_planks":104},"minecraft:used":{"minecraft:water_bucket":2,"minecraft:acacia_log":2,"minecraft:glass_bottle":11,"minecraft:bread":1,"minecraft:rotten_flesh":1,"minecraft:dirt":1,"minecraft:sand":1,"minecraft:potion":3,"minecraft:bucket":3,"tombstone:gift":1}},"DataVersion":3465}