{"stats":{"minecraft:used":{"minecraft:water_bucket":3,"minecraft:acacia_log":2,"minecraft:glass_bottle":11,"minecraft:bread":1,"minecraft:iron_pickaxe":2,"minecraft:shield":10,"minecraft:iron_sword":14,"minecraft:rotten_flesh":1,"minecraft:torch":1,"minecraft:sand":1,"minecraft:dirt":1,"minecraft:potion":3,"vampirism:coffin_white":2,"minecraft:bucket":4,"tombstone:gift":1},"minecraft:dropped":{"vampirism:stake":1,"minecraft:spider_eye":1},"minecraft:killed":{"minecraft:skeleton":1,"minecraft:husk":1,"minecraft:spider":1},"minecraft:mined":{"minecraft:kelp_plant":2,"vampirism:tent_main":1,"vampirism:tent":2,"minecraft:grass":2,"minecraft:acacia_log":7,"vampirism:coffin_white":2,"minecraft:sand":4,"minecraft:dirt":2},"minecraft:crafted":{"minecraft:crafting_table":1,"minecraft:stick":4,"minecraft:acacia_planks":104},"minecraft:custom":{"minecraft:time_since_rest":769,"vampirism:amount_bitten":3,"minecraft:sprint_one_cm":102456,"minecraft:damage_taken":2751,"minecraft:walk_one_cm":66608,"minecraft:damage_blocked_by_shield":488,"tombstone:sneak_grave":1,"minecraft:mob_kills":3,"tombstone:consume_soul":1,"vampirism:interact_with_coffin":2,"minecraft:drop":2,"minecraft:damage_dealt":1082,"vampirism:skills_unlocked":1,"minecraft:swim_one_cm":41262,"minecraft:fly_one_cm":241242,"minecraft:crouch_one_cm":2269,"minecraft:play_time":92907,"tombstone:undead_killed":2,"minecraft:deaths":5,"minecraft:sneak_time":1648,"minecraft:walk_under_water_one_cm":12196,"minecraft:jump":814,"minecraft:damage_dealt_resisted":4,"minecraft:leave_game":10,"minecraft:time_since_death":39078,"minecraft:walk_on_water_one_cm":7652,"minecraft:sleep_in_bed":2,"minecraft:total_world_time":92907,"vampirism:blood_drunk":1000,"minecraft:fall_one_cm":17958},"minecraft:picked_up":{"vampirism:item_tent":3,"minecraft:acacia_log":33,"vampirism:stake":2,"minecraft:sand":4,"minecraft:string":2,"minecraft:spider_eye":1,"minecraft:dirt":2,"minecraft:arrow":1,"vampirism:blood_bottle":6,"minecraft:rotten_flesh":4,"minecraft:apple":1,"minecraft:kelp":10,"magistuarmory:rusted_bastardsword":1,"minecraft:shears":2,"minecraft:bread":1,"minecraft:coal":1,"vampirism:coffin_white":3}},"DataVersion":3465}