{"stats":{"minecraft:dropped":{"tombstone:grave_dust":1},"minecraft:used":{"tombstone:gift":1},"minecraft:mined":{"minecraft:grass":1},"minecraft:custom":{"minecraft:jump":189,"minecraft:time_since_rest":1553,"minecraft:walk_on_water_one_cm":18,"minecraft:damage_dealt":7,"minecraft:interact_with_furnace":1,"minecraft:sprint_one_cm":18030,"minecraft:deaths":2,"minecraft:play_time":7603,"minecraft:damage_taken":514,"minecraft:time_since_death":2734,"minecraft:walk_one_cm":16259,"minecraft:total_world_time":7603,"minecraft:fall_one_cm":627,"minecraft:drop":1,"vampirism:interact_with_totem":10,"minecraft:fly_one_cm":49986,"minecraft:leave_game":1,"minecraft:open_chest":1}},"DataVersion":3465}