{"stats":{"minecraft:picked_up":{"sophisticatedbackpacks:backpack":1,"tombstone:decorative_grave_simple":1,"vampirism:blood_bottle":1,"tombstone:scroll_of_knowledge":1,"minecraft:shears":2,"magistuarmory:leather_strip":4,"tombstone:tablet_of_recall":1,"mowziesmobs:umvuthana_mask_bliss":2,"tombstone:scroll_of_frost_resistance":1,"mowziesmobs:umvuthana_mask_misery":1},"minecraft:dropped":{"minecraft:experience_bottle":57,"tombstone:tablet_of_recall":1,"tombstone:grave_dust":1,"tombstone:scroll_of_knowledge":1,"vampirism:blood_bottle":1,"sophisticatedbackpacks:backpack":1,"tombstone:scroll_of_mercy":1,"minecraft:shears":1},"minecraft:custom":{"minecraft:time_since_rest":49218,"minecraft:sprint_one_cm":76443,"minecraft:interact_with_furnace":1,"vampirism:amount_bitten":18,"minecraft:damage_taken":594,"minecraft:walk_one_cm":45482,"minecraft:interact_with_anvil":1,"minecraft:drop":8,"vampirism:interact_with_totem":10,"vampirism:skills_unlocked":5,"minecraft:damage_dealt":95,"minecraft:fly_one_cm":242413,"minecraft:open_chest":6,"minecraft:crouch_one_cm":623,"vampirism:action_time_bat":3634,"minecraft:play_time":55268,"minecraft:deaths":2,"minecraft:sneak_time":803,"minecraft:jump":432,"vampirism:action_used_bat":3,"minecraft:leave_game":4,"minecraft:walk_on_water_one_cm":1190,"minecraft:time_since_death":50399,"minecraft:total_world_time":55268,"vampirism:blood_drunk":2500,"minecraft:fall_one_cm":2206,"vampirism:actions_used":3},"minecraft:mined":{"minecraft:grass":1},"minecraft:used":{"minecraft:acacia_log":2,"minecraft:glass_bottle":5,"minecraft:chest":2,"minecraft:anvil":1,"minecraft:potion":5,"minecraft:acacia_wood":1,"tombstone:gift":1,"minecraft:experience_bottle":7}},"DataVersion":3465}