{"stats":{"minecraft:used":{"minecraft:water_bucket":1,"minecraft:acacia_log":2,"minecraft:glass_bottle":10,"minecraft:chest":2,"magistuarmory:diamond_chainmorgenstern":3,"minecraft:potion":10,"minecraft:anvil":1,"tombstone:gift":1,"minecraft:bucket":1,"minecraft:acacia_wood":1,"minecraft:experience_bottle":7},"minecraft:picked_up":{"sophisticatedbackpacks:backpack":1,"tombstone:decorative_grave_simple":1,"minecraft:grass_block":1,"vampirism:blood_bottle":1,"tombstone:scroll_of_knowledge":1,"minecraft:wheat_seeds":6,"tombstone:tablet_of_recall":1,"magistuarmory:leather_strip":4,"minecraft:shears":2,"mowziesmobs:umvuthana_mask_bliss":2,"minecraft:dark_oak_fence":6,"tombstone:scroll_of_frost_resistance":1,"mowziesmobs:umvuthana_mask_misery":1},"minecraft:dropped":{"minecraft:wheat_seeds":6,"minecraft:dark_oak_fence":4,"minecraft:experience_bottle":57,"tombstone:tablet_of_recall":1,"tombstone:grave_dust":1,"tombstone:scroll_of_knowledge":1,"vampirism:blood_bottle":1,"sophisticatedbackpacks:backpack":1,"tombstone:scroll_of_mercy":1,"minecraft:shears":1},"minecraft:killed":{"minecraft:enderman":1},"minecraft:custom":{"minecraft:time_since_rest":69496,"minecraft:sprint_one_cm":147088,"minecraft:interact_with_furnace":1,"vampirism:amount_bitten":26,"minecraft:damage_taken":762,"minecraft:walk_one_cm":65130,"minecraft:mob_kills":1,"minecraft:interact_with_anvil":1,"vampirism:interact_with_totem":10,"minecraft:drop":17,"vampirism:skills_unlocked":5,"minecraft:damage_dealt":495,"minecraft:fly_one_cm":459027,"minecraft:open_chest":12,"minecraft:crouch_one_cm":1104,"vampirism:action_time_bat":9280,"minecraft:play_time":75546,"minecraft:deaths":2,"minecraft:sneak_time":2041,"minecraft:jump":638,"minecraft:leave_game":7,"vampirism:action_used_bat":8,"minecraft:time_since_death":70677,"minecraft:walk_on_water_one_cm":8950,"minecraft:total_world_time":75546,"minecraft:damage_resisted":9,"vampirism:blood_drunk":5200,"minecraft:fall_one_cm":9698,"vampirism:actions_used":8},"minecraft:mined":{"minecraft:dark_oak_fence":2,"minecraft:grass":2}},"DataVersion":3465}