{"stats":{"minecraft:broken":{"toughasnails:wool_helmet":1},"minecraft:picked_up":{"iceandfire:dread_stone_bricks":1,"minecraft:leather":4,"iceandfire:manuscript":1,"minecraft:bone":2,"minecraft:wheat_seeds":6,"minecraft:gold_nugget":14,"minecraft:beef":1,"minecraft:iron_ingot":7,"minecraft:enchanted_golden_apple":22,"tombstone:scroll_of_frost_resistance":1,"mowziesmobs:umvuthana_mask_misery":1,"iceandfire:ghost_chest":1,"sophisticatedbackpacks:backpack":1,"tombstone:decorative_grave_simple":1,"tombstone:grave_dust":2,"minecraft:grass_block":1,"vampirism:blood_bottle":1,"tombstone:scroll_of_knowledge":1,"tombstone:tablet_of_recall":1,"magistuarmory:leather_strip":4,"minecraft:shears":2,"mowziesmobs:umvuthana_mask_bliss":2,"minecraft:gold_ingot":1,"minecraft:mutton":2,"minecraft:dark_oak_fence":6,"minecraft:white_wool":1},"minecraft:killed":{"minecraft:spider":1,"minecraft:iron_golem":1,"iceandfire:ghost":3,"iceandfire:ice_dragon":1,"minecraft:enderman":1},"minecraft:mined":{"minecraft:dark_oak_fence":2,"minecraft:grass_block":1,"iceandfire:ghost_chest":1,"minecraft:tall_grass":1,"minecraft:grass":6,"iceandfire:dread_stone_bricks":1},"minecraft:custom":{"minecraft:interact_with_furnace":1,"minecraft:mob_kills":9,"minecraft:interact_with_anvil":1,"vampirism:action_time_vampire_rage":28,"vampirism:action_time_bat":16784,"vampirism:action_used_bat":23,"minecraft:leave_game":10,"minecraft:time_since_death":93581,"minecraft:damage_resisted":94,"vampirism:actions_used":26,"minecraft:time_since_rest":92400,"vampirism:action_used_regen":1,"minecraft:sprint_one_cm":212270,"vampirism:amount_bitten":47,"minecraft:damage_taken":1349,"minecraft:walk_one_cm":94987,"minecraft:trigger_trapped_chest":3,"vampirism:interact_with_totem":10,"minecraft:drop":22,"vampirism:action_time_regen":399,"vampirism:skills_unlocked":5,"minecraft:damage_dealt":3185,"minecraft:swim_one_cm":453,"minecraft:fly_one_cm":681245,"vampirism:action_used_vampire_rage":1,"minecraft:open_chest":14,"vampirism:infected_creatures":1,"minecraft:crouch_one_cm":3314,"minecraft:play_time":98450,"tombstone:undead_killed":3,"minecraft:deaths":2,"minecraft:sneak_time":4324,"minecraft:walk_under_water_one_cm":190,"minecraft:jump":897,"vampirism:action_used_infect":1,"minecraft:walk_on_water_one_cm":9679,"minecraft:total_world_time":98450,"vampirism:blood_drunk":9400,"minecraft:fall_one_cm":17211},"minecraft:used":{"minecraft:water_bucket":6,"minecraft:acacia_log":2,"minecraft:glass_bottle":15,"minecraft:chest":2,"iceandfire:dread_stone_bricks":1,"minecraft:anvil":1,"minecraft:iron_pickaxe":3,"magistuarmory:diamond_chainmorgenstern":32,"minecraft:potion":15,"minecraft:bucket":6,"tombstone:gift":1,"minecraft:acacia_wood":1,"minecraft:experience_bottle":7},"minecraft:dropped":{"minecraft:wheat_seeds":6,"minecraft:experience_bottle":57,"tombstone:tablet_of_recall":1,"vampirism:blood_bottle":1,"sophisticatedbackpacks:backpack":1,"tombstone:scroll_of_mercy":1,"minecraft:shears":1,"iceandfire:ghost_chest":1,"minecraft:dark_oak_fence":4,"minecraft:mutton":2,"tombstone:scroll_of_knowledge":1,"tombstone:grave_dust":3,"minecraft:beef":1,"minecraft:white_wool":1}},"DataVersion":3465}