{"stats":{"minecraft:used":{"minecraft:water_bucket":1,"minecraft:acacia_log":2,"minecraft:glass_bottle":7,"minecraft:chest":2,"magistuarmory:diamond_chainmorgenstern":3,"minecraft:potion":7,"minecraft:anvil":1,"tombstone:gift":1,"minecraft:bucket":1,"minecraft:acacia_wood":1,"minecraft:experience_bottle":7},"minecraft:killed":{"minecraft:enderman":1},"minecraft:dropped":{"minecraft:wheat_seeds":6,"minecraft:dark_oak_fence":4,"minecraft:experience_bottle":57,"tombstone:tablet_of_recall":1,"tombstone:grave_dust":1,"tombstone:scroll_of_knowledge":1,"vampirism:blood_bottle":1,"sophisticatedbackpacks:backpack":1,"tombstone:scroll_of_mercy":1,"minecraft:shears":1},"minecraft:mined":{"minecraft:dark_oak_fence":2,"minecraft:grass":2},"minecraft:custom":{"minecraft:time_since_rest":58157,"minecraft:sprint_one_cm":103822,"minecraft:interact_with_furnace":1,"vampirism:amount_bitten":19,"minecraft:damage_taken":716,"minecraft:walk_one_cm":57836,"minecraft:mob_kills":1,"minecraft:interact_with_anvil":1,"vampirism:interact_with_totem":10,"minecraft:drop":17,"vampirism:skills_unlocked":5,"minecraft:damage_dealt":495,"minecraft:fly_one_cm":376812,"minecraft:open_chest":7,"minecraft:crouch_one_cm":916,"vampirism:action_time_bat":8166,"minecraft:play_time":64207,"minecraft:deaths":2,"minecraft:sneak_time":1271,"minecraft:jump":503,"minecraft:leave_game":7,"vampirism:action_used_bat":6,"minecraft:time_since_death":59338,"minecraft:walk_on_water_one_cm":1249,"minecraft:total_world_time":64207,"minecraft:damage_resisted":9,"vampirism:blood_drunk":2900,"minecraft:fall_one_cm":4080,"vampirism:actions_used":6},"minecraft:picked_up":{"sophisticatedbackpacks:backpack":1,"tombstone:decorative_grave_simple":1,"minecraft:grass_block":1,"vampirism:blood_bottle":1,"minecraft:wheat_seeds":6,"tombstone:scroll_of_knowledge":1,"minecraft:shears":2,"magistuarmory:leather_strip":4,"tombstone:tablet_of_recall":1,"mowziesmobs:umvuthana_mask_bliss":2,"tombstone:scroll_of_frost_resistance":1,"minecraft:dark_oak_fence":6,"mowziesmobs:umvuthana_mask_misery":1}},"DataVersion":3465}