{"stats":{"minecraft:broken":{"toughasnails:leaf_helmet":1,"toughasnails:leaf_leggings":1,"toughasnails:leaf_boots":1},"minecraft:picked_up":{"toughasnails:leaf_leggings":1,"toughasnails:leaf_chestplate":1,"minecraft:crafting_table":2,"minecraft:acacia_log":7,"tombstone:grave_dust":1,"minecraft:acacia_boat":2,"minecraft:dirt":3,"minecraft:acacia_planks":1,"toughasnails:leaf_boots":1,"minecraft:cobblestone":1},"minecraft:killed":{"minecraft:spider":1},"minecraft:mined":{"minecraft:crafting_table":1,"minecraft:grass":5,"minecraft:acacia_log":5,"minecraft:grass_block":1,"minecraft:dirt_path":1,"minecraft:dirt":1,"minecraft:cobblestone":1,"minecraft:acacia_planks":1},"minecraft:custom":{"minecraft:time_since_rest":0,"minecraft:sprint_one_cm":90164,"vampirism:amount_bitten":27,"minecraft:damage_taken":752,"minecraft:walk_one_cm":88275,"minecraft:damage_blocked_by_shield":667,"minecraft:mob_kills":1,"minecraft:drop":14,"vampirism:skills_unlocked":2,"minecraft:damage_dealt":677,"minecraft:swim_one_cm":6142,"minecraft:interact_with_crafting_table":2,"minecraft:fly_one_cm":112571,"minecraft:open_chest":2,"minecraft:crouch_one_cm":1932,"minecraft:play_time":38923,"vampirism:interact_with_altar_inspiration":11,"minecraft:deaths":3,"minecraft:sneak_time":391,"minecraft:walk_under_water_one_cm":94,"minecraft:jump":569,"minecraft:leave_game":2,"minecraft:walk_on_water_one_cm":6551,"minecraft:time_since_death":0,"minecraft:total_world_time":38923,"vampirism:blood_drunk":5700,"minecraft:fall_one_cm":8000},"minecraft:crafted":{"minecraft:crafting_table":1,"minecraft:acacia_planks":12,"minecraft:acacia_boat":1},"minecraft:used":{"minecraft:water_bucket":1,"vampirism:heart_seeker_enhanced":13,"mowziesmobs:umvuthana_mask_faith":1,"minecraft:stone_pickaxe":1,"magistuarmory:iron_kiteshield":20,"minecraft:dirt":3,"minecraft:cobblestone":1,"minecraft:crafting_table":1,"minecraft:bucket":1,"tombstone:gift":1,"minecraft:acacia_planks":2},"minecraft:dropped":{"minecraft:acacia_boat":3,"toughasnails:leaf_chestplate":1,"minecraft:crafting_table":2,"toughasnails:leaf_boots":1,"tombstone:grave_dust":2,"toughasnails:leaf_leggings":1,"minecraft:acacia_log":4,"minecraft:acacia_planks":2}},"DataVersion":3465}