{"stats":{"minecraft:custom":{"minecraft:time_since_rest":1999,"minecraft:sprint_one_cm":49653,"vampirism:amount_bitten":27,"minecraft:damage_taken":374,"minecraft:walk_one_cm":78386,"minecraft:damage_blocked_by_shield":667,"minecraft:mob_kills":1,"minecraft:drop":3,"vampirism:skills_unlocked":2,"minecraft:damage_dealt":677,"minecraft:swim_one_cm":2732,"minecraft:interact_with_crafting_table":1,"minecraft:fly_one_cm":49957,"minecraft:open_chest":2,"minecraft:crouch_one_cm":110,"minecraft:play_time":31103,"vampirism:interact_with_altar_inspiration":11,"minecraft:deaths":1,"minecraft:sneak_time":65,"minecraft:walk_under_water_one_cm":21,"minecraft:jump":293,"minecraft:leave_game":1,"minecraft:time_since_death":4084,"minecraft:walk_on_water_one_cm":6164,"minecraft:total_world_time":31103,"vampirism:blood_drunk":5700,"minecraft:fall_one_cm":1850},"minecraft:mined":{"minecraft:grass":1,"minecraft:dirt_path":1,"minecraft:dirt":1,"minecraft:cobblestone":1},"minecraft:used":{"minecraft:water_bucket":1,"vampirism:heart_seeker_enhanced":13,"minecraft:stone_pickaxe":1,"magistuarmory:iron_kiteshield":20,"minecraft:dirt":2,"minecraft:cobblestone":1,"minecraft:bucket":1,"tombstone:gift":1},"minecraft:dropped":{"toughasnails:leaf_chestplate":1,"toughasnails:leaf_boots":1,"toughasnails:leaf_leggings":1},"minecraft:picked_up":{"toughasnails:leaf_chestplate":1,"toughasnails:leaf_leggings":1,"minecraft:dirt":2,"toughasnails:leaf_boots":1,"minecraft:cobblestone":1},"minecraft:killed":{"minecraft:spider":1},"minecraft:broken":{"toughasnails:leaf_helmet":1,"toughasnails:leaf_leggings":1,"toughasnails:leaf_boots":1}},"DataVersion":3465}